,Name,Sequence,Protein MW kD,Recommended MWCO,reduced_extinction_coefficient,oxidised_extinction_coefficient
0,ValRS,MEKTYNPQDIEQPLYEHWEKQGYFKPNGDESQESFCIMIPPPNVTGSLHMGHAFQQTIMDTMIRYQRMQGKNTLWQVGTDHAGIATQMVVERKIAAEEGKTRHDYGREAFIDKIWEWKAESGGTITRQMRRLGNSVDWERERFTMDEGLSNAVKEVFVRLYKEDLIYRGKRLVNWDPKLRTAISDLEVENRESKGSMWHIRYPLADGAKTADGKDYLVVATTRPETLLGDTGVAVNPEDPRYKDLIGKYVILPLVNRRIPIVGDEHADMEKGTGCVKITPAHDFNDYEVGKRHALPMINILTFDGDIRESAQVFDTKGNESDVYSSEIPAEFQKLERFAARKAVVAAVDALGLLEEIKPHDLTVPYGDRGGVVIEPMLTDQWYVRADVLAKPAVEAVENGDIQFVPKQYENMYFSWMRDIQDWCISRQLWWGHRIPAWYDEAGNVYVGRNEDEVRKENNLGADVVLRQDEDVLDTWFSSALWTFSTLGWPENTDALRQFHPTSVMVSGFDIIFFWIARMIMMTMHFIKDENGKPQVPFHTVYMTGLIRDDEGQKMSKSKGNVIDPLDMVDGISLPELLEKRTGNMMQPQLADKIRKRTEKQFPNGIEPHGTDALRFTLAALASTGRDINWDMKRLEGYRNFCNKLWNASRFVLMNTEGQDCGFNGGEMTLSLADRWILAEFNQTIKAYREALDSFRFDIAAGILYEFTWNQFCDWYLELTKPVMNGGTEAELRGTRHTLVTVLEGLLRLAHPIIPFITETIWQRVKVLCGITADTIMLQPFPQYDASQVDEAALADTEWLKQAIVAVRNIRAEMNIAPGKPLELLLRGCSADAERRVNENRGFLQTLARLESITVLPADDKGPVSVTKIIDGAELLIPMAGLINKEDELARLAKEVAKIEGEISRIENKLANEGFVARAPEAVIAKEREKLEGYAEAKAKLIEQQAVIAAAALEHHHHHH,109.2851947000008,50,170740,171240
1,IleRS,MHHHHHHSDYKSTLNLPETGFPMRGDLAKREPGMLARWTDDDLYGIIRAAKKGKKTFILHDGPPYANGSIHIGHSVNKILKDIIVKSKGLSGYDSPYVPGWDCHGLPIELKVEQEYGKPGEKFTAAEFRAKCREYAATQVDGQRKDFIRLGVLGDWSHPYLTMDFKTEANIIRALGKIIGNGHLHKGAKPVHWCVDCRSALAEAEVEYYDKTSPSIDVAFQAVDQDALKAKFAVSNVNGPISLVIWTTTPWTLPANRAISIAPDFDYALVQIDGQAVILAKDLVESVMQRIGVTDYTILGTVKGAELELLRFTHPFMGFDVPAILGDHVTLDAGTGAVHTAPGHGPDDYVIGQKYGLETANPVGPDGTYLPGTYPTLDGVNVFKANDIVVALLQEKGALLHVEKMQHSYPCCWRHKTPIIFRATPQWFVSMDQKGLRAQSLKEIKGVQWIPDWGQARIESMVANRPDWCISRQRTWGVPMSLFVHKDTEELHPRTLELMEEVAKRVEVDGIQAWWDLDAKEILGDEADQYVKVPDTLDVWFDSGSTHSSVVDVRPEFAGHAADMYLEGSDQHRGWFMSSLMISTAMKGKAPYRQVLTHGFTVDGQGRKMSKSIGNTVSPQDVMNKLGADILRLWVASTDYTGEMAVSDEILKRAADSYRRIRNTARFLLANLNGFDPAKDMVKPEEMVVLDRWAVGCAKAAQEDILKAYEAYDFHEVVQRLMRFCSVEMGSFYLDIIKDRQYTAKADSVARRSCQTALYHIAEALVRWMAPILSFTADEVWGYLPGEREKYVFTGEWYEGLFGLADSEAMNDAFWDELLKVRGEVNKVIEQARADKKVGGSLEAAVTLYAEPELSAKLTALGDELRFVLLTSGATVADYNDAPADAQQSEVLKGLKVALSKAEGEKCPRCWHYTQDVGKVAEHAEICGRCVSNVAGDGEKRKFA,105.11844690000076,50,175670,176545
2,T7RNAP,MRGSHHHHHHGSMNTINIAKNDFSDIELAAIPFNTLADHYGERLAREQLALEHESYEMGEARFRKMFERQLKAGEVADNAAAKPLITTLLPKMIARINDWFEEVKAKRGKRPTAFQFLQEIKPEAVAYITIKTTLACLTSADNTTVQAVASAIGRAIEDEARFGRIRDLEAKHFKKNVEEQLNKRVGHVYKKAFMQVVEADMLSKGLLGGEAWSSWHKEDSIHVGVRCIEMLIESTGMVSLHRQNAGVVGQDSETIELAPEYAEAIATRAGALAGISPMFQPCVVPPKPWTGITGGGYWANGRRPLALVRTHSKKALMRYEDVYMPEVYKAINIAQNTAWKINKKVLAVANVITKWKHCPVEDIPAIEREELPMKPEDIDMNPEALTAWKRAAAAVYRKDKARKSRRISLEFMLEQANKFANHKAIWFPYNMDWRGRVYAVSMFNPQGNDMTKGLLTLAKGKPIGKEGYYWLKIHGANCAGVDKVPFPERIKFIEENHENIMACAKSPLENTWWAEQDSPFCFLAFCFEYAGVQHHGLSYNCSLPLAFDGSCSGIQHFSAMLRDEVGGRAVNLLPSETVQDIYGIVAKKVNEILQADAINGTDNEVVTVTDENTGEISEKVKLGTKALAGQWLAYGVTRSVTKRSVMTLAYGSKEFGFRQQVLEDTIQPAIDSGKGLMFTQPNQAAGYMAKLIWESVSVTVVAAVEAMNWLKSAAKLLAAEVKDKKTGEILRKRCAVHWVTPDGFPVWQEYKKPIQTRLNLMFLGQFRLQPTINTNKDSEIDAHKQESGIAPNFVHSQDGSHLRKTVVWAHEKYGIESFALIHDSFGTIPADAANLFKAVRETMVDTYESCDVLADFYDQFADQLHESQLDKMPALPAKGNLNLRDILESDFAFA,100.25260610000056,50,140260,141010
3,IF2,MRGSHHHHHHGSMTDVTIKTLAAERQTSVERLVQQFADAGIRKSADDSVSAQEKQTLIDHLNQKNSGPDKLTLQRKTRSTLNIPGTGGKSKSVQIEVRKKRTFVKRDPQEAERLAAEEQAQREAEEQARREAEESAKREAQQKAEREAAEQAKREAAEQAKREAAEKDKVSNQQDDMTKNAQAEKARREQEAAELKRKAEEEARRKLEEEARRVAEEARRMAEENKWTDNAEPTEDSSDYHVTTSQHARQAEDESDREVEGGRGRGRNAKAARPKKGNKHAESKADREEARAAVRGGKGGKRKGSSLQQGFQKPAQAVNRDVVIGETITVGELANKMAVKGSQVIKAMMKLGAMATINQVIDQETAQLVAEEMGHKVILRRENELEEAVMSDRDTGAAAEPRAPVVTIMGHVDHGKTSLLDYIRSTKVASGEAGGITQHIGAYHVETENGMITFLDTPGHAAFTSMRARGAQATDIVVLVVAADDGVMPQTIEAIQHAKAAQVPVVVAVNKIDKPEADPDRVKNELSQYGILPEEWGGESQFVHVSAKAGTGIDELLDAILLQAEVLELKAVRKGMASGAVIESFLDKGRGPVATVLVREGTLHKGDIVLCGFEYGRVRAMRNELGQEVLEAGPSIPVEILGLSGVPAAGDEVTVVRDEKKAREVALYRQGKFREVKLARQQKSKLENMFANMTEGEVHEVNIVLKADVQGSVEAISDSLLKLSTDEVKVKIIGSGVGGITETDATLAAASNAILVGFNVRADASARKVIEAESLDLRYYSVIYNLIDEVKAAMSGMLSPELKQQIIGLAEVRDVFKSPKFGAIAGCMVTEGVVKRHNPIRVLRDNVVIYEGELESLRRFKDDVNEVRNGMECGIGVKNYNDVRTGDVIEVFEIIEIQRTIA,98.74722400000066,50,27390,27515
4,LeuRS,MQEQYRPEEIESKVQLHWDEKRTFEVTEDESKEKYYCLSMLPYPSGRLHMGHVRNYTIGDVIARYQRMLGKNVLQPIGWDAFGLPAEGAAVKNNTAPAPWTYDNIAYMKNQLKMLGFGYDWSRELATCTPEYYRWEQKFFTELYKKGLVYKKTSAVNWCPNDQTVLANEQVIDGCCWRCDTKVERKEIPQWFIKITAYADELLNDLDKLDHWPDTVKTMQRNWIGRSEGVEITFNVNDYDNTLTVYTTRPDTFMGCTYLAVAAGHPLAQKAAENNPELAAFIDECRNTKVAEAEMATMEKKGVDTGFKAVHPLTGEEIPVWAANFVLMEYGTGAVMAVPGHDQRDYEFASKYGLNIKPVILAADGSEPDLSQQALTEKGVLFNSGEFNGLDHEAAFNAIADKLTAMGVGERKVNYRLRDWGVSRQRYWGAPIPMVTLEDGTVMPTPDDQLPVILPEDVVMDGITSPIKADPEWAKTTVNGMPALRETDTFDTFMESSWYYARYTCPQYKEGMLDSEAANYWLPVDIYIGGIEHAIMHLLYFRFFHKLMRDAGMVNSDEPAKQLLCQGMVLADAFYYVGENGERNWVSPVDAIVERDEKGRIVKAKDAAGHELVYTGMSKMSKSKNNGIDPQVMVERYGADTVRLFMMFASPADMTLEWQESGVEGANRFLKRVWKLVYEHTAKGDVAALNVDALTENQKALRRDVHKTIAKVTDDIGRRQTFNTAIAAIMELMNKLAKAPTDGEQDRALMQEALLAVVRMLNPFTPHICFTLWQELKGEGDIDNAPWPVADEKAMVEDSTLVVVQVNGKVRAKITVPVDATEEQVRERAGQEHLVAKYLDGVTVRKVIYVPGKLLNLVVGLEHHHHHH,98.29777080000046,50,169140,169765
5,AlaRS,MRGSHHHHHHGSACDDDDKSNSTAEIRQAFLDFFHSKGHQVVASSSLVPHNDPTLLFTNAGMNQFKDVFLGLDKRNYSRATTSQRCVRAGGKHNDLENVGYTARHHTFFEMLGNFSFGDYFKHDAIQFAWELLTSEKWFALPKERLWVTVYESDDEAYEIWEKEVGIPRERIIRIGDNKGAPYASDNFWQMGDTGPCGPCTEIFYDHGDHIWGGPPGSPEEDGDRYIEIWNIVFMQFNRQADGTMEPLPKPSVDTGMGLERIAAVLQHVNSNYDIDLFRTLIQAVAKVTGATDLSNKSLRVIADHIRSCAFLIADGVMPSNENRGYVLRRIIRRAVRHGNMLGAKETFFYKLVGPLIDVMGSAGEDLKRQQAQVEQVLKTEEEQFARTLERGLALLDEELAKLSGDTLDGETAFRLYDTYGFPVDLTADVCRERNIKVDEAGFEAAMEEQRRRAREASGFGADYNAMIRVDSASEFKGYDHLELNGKVTALFVDGKAVDAINAGQEAVVVLDQTPFYAESGGQVGDKGELKGANFSFAVEDTQKYGQAIGHIGKLAAGSLKVGDAVQADVDEARRARIRLNHSATHLMHAALRQVLGTHVSQKGSLVNDKVLRFDFSHNEAMKPEEIRAVEDLVNTQIRRNLPIETNIMDLEAAKAKGAMALFGEKYDERVRVLSMGDFSTELCGGTHASRTGDIGLFRIISESGTAAGVRRIEAVTGEGAIATVHADSDRLSEVAHLLKGDSNNLADKVRSVLERTRQLEKELQQLKEQAAAQESANLSSKAIDVNGVKLLVSELSGVEPKMLRTMVDDLKNQLGSTIIVLATVVEGKVSLIAGVSKDVTDRVKAGELIGMVAQQVGGKGGGRPDMAQAGGTDAAALPAALASVKGWVSAKLQ,98.04720870000064,50,70820,71195
6,EFG,MARTTPIARYRNIGISAHIDAGKTTTTERILFYTGVNHKIGEVHDGAATMDWMEQEQERGITITSAATTAFWSGMAKQYEPHRINIIDTPGHVDFTIEVERSMRVLDGAVMVYCAVGGVQPQSETVWRQANKYKVPRIAFVNKMDRMGANFLKVVNQIKTRLGANPVPLQLAIGAEEHFTGVVDLVKMKAINWNDADQGVTFEYEDIPADMVELANEWHQNLIESAAEASEELMEKYLGGEELTEAEIKGALRQRVLNNEIILVTCGSAFKNKGVQAMLDAVIDYLPSPVDVPAINGILDDGKDTPAERHASDDEPFSALAFKIATDPFVGNLTFFRVYSGVVNSGDTVLNSVKAARERFGRIVQMHANKREEIKEVRAGDIAAAIGLKDVTTGDTLCDPDAPIILERMEFPEPVISIAVEPKTKADQEKMGLALGRLAKEDPSFRVWTDEESNQTIIAGMGELHLDIIVDRMKREFNVEANVGKPQVAYRETIRQKVTDVEGKHAKQSGGRGQYGHVVIDMYPLEPGSNPKGYEFINDIKGGVIPGEYIPAVDKGIQEQLKAGPLAGYPVVDMGIRLHFGSYHDVDSSELAFKLAASIAFKEGFKKAKPVLLEPIMKVEVETPEENTGDVIGDLSRRRGMLKGQESEVTGVKIHAEVPLSEMFGYATQLRSLTKGRASYTMEFLKYDEAPSNVAQAVIEARGKRSHHHHHH,78.64649220000038,50,61310,61435
7,MetRS,MTQVAKKILVTCALPYANGSIHLGHMLEHIQADVWVRYQRMRGHEVNFICADDAHGTPIMLKAQQLGITPEQMIGEMSQEHQTDFAGFNISYDNYHSTHSEENRQLSELIYSRLKENGFIKNRTISQLYDPEKGMFLPDRFVKGTCPKCKSPDQYGDNCEVCGATYSPTELIEPKSVVSGATPVMRDSEHFFFDLPSFSEMLQAWTRSGALQEQVANKMQEWFESGLQQWDISRDAPYFGFEIPNAPGKYFYVWLDAPIGYMGSFKNLCDKRGDSVSFDEYWKKDSTAELYHFIGKDIVYFHSLFWPAMLEGSNFRKPSNLFVHGYVTVNGAKMSKSRGTFIKASTWLNHFDADSLRYYYTAKLSSRIDDIDLNLEDFVQRVNADIVNKVVNLASRNAGFINKRFDGVLASELADPQLYKTFTDAAEVIGEAWESREFGKAVREIMALADLANRYVDEQAPWVVAKQEGRDADLQAICSMGINLFRVLMTYLKPVLPKLTERAEAFLNTELTWDGIQQPLLGHKVNPFKALYNRIDMRQVEALVEASKEEVKAAAAPVTGPLADDPIQETITFDDFAKVDLRVALIENAEFVEGSDKLLRLTLDLGGEKRNVFSGIRSAYPDPQALIGRHTIMVANLAPRKMRFGISEGMVMAAGPGGKDIFLLSPDAGAKPGHQVKLEHHHHHH,77.31894870000035,50,96260,96760
8,ThrRS,MRGSHHHHHHGSDDDDKPVITLPDGSQRHYDHAVSPMDVALDIGPGLAKACIAGRVNGELVDACDLIENDAQLSIITAKDEEGLEIIRHSCAHLLGHAIKQLWPHTKMAIGPVIDNGFYYDVDLDRTLTQEDVEALEKRMHELAEKNYDVIKKKVSWHEARETFANRGESYKVSILDENIAHDDKPGLYFHEEYVDMCRGPHVPNMRFCHHFKLMKTAGAYWRGDSNNKMLQRIYGTAWADKKALNAYLQRLEEAAKRDHRKIGKQLDLYHMQEEAPGMVFWHNDGWTIFRELEVFVRSKLKEYQYQEVKGPFMMDRVLWEKTGHWDNYKDAMFTTSSENREYCIKPMNCPGHVQIFNQGLKSYRDLPLRMAEFGSCHRNEPSGSLHGLMRVRGFTQDDAHIFCTEEQIRDEVNGCIRLVYDMYSTFGFEKIVVKLSTRPEKRIGSDEMWDRAEADLAVALEENNIPFEYQLGEGAFYGPKIEFTLYDCLDRAWQCGTVQLDFSLPSRLSASYVGEDNERKVPVMIHRAILGSMERFIGILTEEFAGFFPTWLAPVQVVIMNITDSQSEYVNELTQKLSNAGIRVKADLRNEKIGFKIREHTLRRVPYMLVCGDKEVESGKVAVRTRRGKDLGSMDVNEVIEKLQQEIRSRSLKQLEE,75.86928310000027,50,96260,97010
9,ArgRS,MGHHHHHHHHHHSSGHIEGRHMNIQALLSEKVRQAMIAAGAPADCEPQVRQSAKVQFGDYQANGMMAVAKKLGMAPRQLAEQVLTHLDLNGIASKVEIAGPGFINIFLDPAFLAEHVQQALASDRLGVATPEKQTIVVDYSAPNVAKEMHVGHLRSTIIGDAAVRTLEFLGHKVIRANHVGDWGTQFGMLIAWLEKQQQENAGEMELADLEGFYRDAKKHYDEDEEFAERARNYVVKLQSGDEYFREMWRKLVDITMTQNQITYDRLNVTLTRDDVMGESLYNPMLPGIVADLKAKGLAVESEGATVVFLDEFKNKEGEPMGVIIQKKDGGYLYTTTDIACAKYRYETLHADRVLYYIDSRQHQHLMQAWAIVRKAGYVPESVPLEHHMFGMMLGKDGKPFKTRAGGTVKLADLLDEALERARRLVAEKNPDMPADELEKLANAVGIGAVKYADLSKNRTTDYIFDWDNMLAFEGNTAPYMQYAYTRVLSVFRKAEIDEEQLAAAPVIIREDREAQLAARLLQFEETLTVVAREGTPHVMCAYLYDLAGLFSGFYEHCPILSAENEEVRNSRLKLAQLTAKTLKLGLDTLGIETVERM,67.20285010000023,30,61770,62020
10,AspRS,MRTEYCGQLRLSHVGQQVTLCGWVNRRRDLGSLIFIDMRDREGIVQVFFDPDRADALKLASELRNEFCIQVTGTVRARDEKNINRDMATGEIEVLASSLTIINRADVLPLDSNHVNTEEARLKYRYLDLRRPEMAQRLKTRAKITSLVRRFMDDHGFLDIETPMLTKATPEGARDYLVPSRVHKGKFYALPQSPQLFKQLLMMSGFDRYYQIVKCFRDEDLRADRQPEFTQIDVETSFMTAPQVREVMEALVRHLWLEVKGVDLGDFPVMTFAEAERRYGSDKPDLRNPMELTDVADLLKSVEFAVFAGPANDPKGRVAALRVPGGASLTRKQIDEYGNFVKIYGAKGLAYIKVNERAKGLEGINSPVAKFLNAEIIEDILDRTAAQDGDMIFFGADNKKIVADAMGALRLKVGKDLGLTDESKWAPLWVIDFPMFEDDGEGGLTAMHHPFTSPKDMTAAELKAAPENAVANAYDMVINGYEVGGGSVRIHNGDMQQTVFGILGINEEEQREKFGFLLDALKYGTPPHAGLAFGLDRLTMLLTGTDNIRDVIAFPKTTAAACLMTEAPSFANPTALAELSIQVVKKAENNLE,66.15496230000025,30,42860,43110
11,ProRS,MRTSQYLLSTLKETPADAEVISHQLMLRAGMIRKLASGLYTWLPTGVRVLKKVENIVREEMNNAGAIEVSMPVVQPADLWQESGRWEQYGPELLRFVDRGERPFVLGPTHEEVITDLIRNELSSYKQLPLNFYQIQTKFRDEVRPRFGVMRSREFLMKDAYSFHTSQESLQETYDAMYAAYSKIFSRMGLDFRAVQADTGSIGGSASHEFQVLAQSGEDDVVFSDTSDYAANIELAEAIAPKEPRAAATQEMTLVDTPNAKTIAELVEQFNLPIEKTVKTLLVKAVEGSSFPQVALLVRGDHELNEVKAEKLPQVASPLTFATEEEIRAVVKAGPGSLGPVNMPIPVVIDRTVAAMSDFAAGANIDGKHYFGINWDRDVATPEVADIRNVVAGDPSPDGQGRLLIKRGIEVGHIFQLGTKYSEALKASVQGEDGRNQILTMGCYGIGVTRVVAAAIEQNYDERGIVWPDAIAPFQVAILPMNMHKSFRVQELAEKLYSELRAQGIEVLLDDRKERPGVMFADMELIGIPHTIVLGDRNLDNDDIEYKYRRNGEKQLIKTGDIVEYLVKQIKGLEHHHHHH,64.75694080000012,30,54320,54320
12,GlnRS,MSEAEARPTNFIRQIIDEDLASGKHTTVHTRFPPEPNGYLHIGHAKSICLNFGIAQDYKGQCNLRFDDTNPVKEDIEYVESIKNDVEWLGFHWSGNVRYSSDYFDQLHAYAIELINKGLAYVDELTPEQIREYRGTLTQPGKNSPYRDRSVEENLALFEKMRAGGFEEGKACLRAKIDMASPFIVMRDPVLYRIKFAEHHQTGNKWCIYPMYDFTHCISDALEGITHSLCTLEFQDNRRLYDWVLDNITIPVHPRQYEFSRLNLEYTVMSKRKLNLLVTDKHVEGWDDPRMPTISGLRRRGYTAASIREFCKRIGVTKQDNTIEMASLESCIREDLNENAPRAMAVIDPVKLVIENYQGEGEMVTMPNHPNKPEMGSRQVPFSGEIWIDRADFREEANKQYKRLVLGKEVRLRNAYVIKAERVEKDAEGNITTIFCTYDADTLSKDPADGRKVKGVIHWVSAAHALPVEIRLYDRLFSVPNPGAADDFLSVINPESLVIKQGFAEPSLKDAVAGKAFQFEREGYFCLDSRHSTAEKPVFNRTVGLRDTWAKVGELE,63.71941640000018,30,76780,77405
13,RF3,MRGSHHHHHHGSDDDDKMTLSPYLQEVAKRRTFAIISHPDAGKTTITEKVLLFGQAIQTAGTVKGRGSNQHAKSDWMEMEKQRGISITTSVMQFPYHDCLVNLLDTPGHEDFSEDTYRTLTAVDCCLMVIDAAKGVEDRTRKLMEVTRLRDTPILTFMNKLDRDIRDPMELLDEVENELKIGCAPITWPIGCGKLFKGVYHLYKDETYLYQSGKGHTIQEVRIVKGLNNPDLDAAVGEDLAQQLRDELELVKGASNEFDKELFLAGEITPVFFGTALGNFGVDHMLDGLVEWAPAPMPRQTDTRTVEASEDKFTGFVFKIQANMDPKHRDRVAFMRVVSGKYEKGMKLRQVRTAKDVVISDALTFMAGDRSHVEEAYPGDILGLHNHGTIQIGDTFTQGEMMKFTGIPNFAPELFRRIRLKDPLKQKQLLKGLVQLSEEGAVQVFRPISNNDLIVGAVGVLQFDVVVARLKSEYNVEAVYESVNVATARWVECADAKKFEEFKRKNESQLALDGGDNLAYIATSMVNLRLAQERYPDVQFHQTREH,61.56039230000018,30,41370,41745
14,LysRS,MSEQETRGANEAIDFNDELRNRREKLAALRQQGVAFPNDFRRDHTSDQLHEEFDAKDNQELESLNIEVSVAGRMMTRRIMGKASFVTLQDVGGRIQLYVARDSLPEGVYNDQFKKWDLGDIIGARGTLFKTQTGELSIHCTELRLLTKALRPLPDKFHGLQDQEVRYRQRYLDLIANDKSRQTFVVRSKILAAIRQFMVARGFMEVETPMMQVIPGGASARPFITHHNALDLDMYLRIAPELYLKRLVVGGFERVFEINRNFRNEGISVRHNPEFTMMELYMAYADYHDLIELTESLFRTLAQEVLGTTKVTYGEHVFDFGKPFEKLTMREAIKKYRPETDMADLDNFDAAKALAESIGITVEKSWGLGRIVTEIFDEVAEAHLIQPTFITEYPAEVSPLARRNDVNPEITDRFEFFIGGREIGNGFSELNDAEDQAERFQEQVNAKAAGDDEAMFYDEDYVTALEYGLPPTAGLGIGIDRMIMLFTNSHTIRDVILFPAMRPQKLEHHHHHH,58.890995200000106,30,33350,33350
15,GluRS,MKIKTRFAPSPTGYLHVGGARTALYSWLFARNHGGEFVLRIEDTDLERSTPEAIEAIMDGMNWLSLEWDEGPYYQTKRFDRYNAVIDQMLEEGTAYKCYCSKERLEALREEQMAKGEKPRYDGRCRHSHEHHADDEPCVVRFANPQEGSVVFDDQIRGPIEFSNQELDDLIIRRTDGSPTYNFCVVVDDWDMEITHVIRGEDHINNTPRQINILKALKAPVPVYAHVSMINGDDGKKLSKRHGAVSVMQYRDDGYLPEALLNYLVRLGWSHGDQEIFTREEMIKYFTLNAVSKSASAFNTDKLLWLNHHYINALPPEYVATHLQWHIEQENIDTRNGPQLADLVKLLGERCKTLKEMAQSCRYFYEDFAEFDADAAKKHLRPVARQPLEVVRDKLAAITDWTAENVHHAIQATADELEVGMGKVGMPLRVAVTGAGQSPALDVTVHAIGKTRSIERINKALDFIAERENQQLEHHHHHH,54.8802074000001,30,70820,71195
16,AsnRS,MRGSHHHHHHGSMSVVPVADVLQGRVAVDSEVTVRGWVRTRRDSKAGISFLAVYDGSCFDPVQAVINNSLPNYNEDVLRLTTGCSVIVTGKVVASPGQGQQFEIQASKVEVAGWVEDPDTYPMAAKRHSIEYLREVAHLRPRTNLIGAVARVRHTLAQALHRFFNEQGFFWVSTPLITASDTEGAGEMFRVSTLDLENLPRNDQGKVDFDKDFFGKESFLTVSGQLNGETYACALSKIYTFGPTFRAENSNTSRHLAEFWMLEPEVAFANLNDIAGLAEAMLKYVFKAVLEERADDMKFFAERVDKDAVSRLERFIEADFAQVDYTDAVTILENCGRKFENPVYWGVDLSSEHERYLAEEHFKAPVVVKNYPKDIKAFYMRLNEDGKTVAAMDVLAPGIGEIIGGSQREERLDVLDERMLEMGLNKEDYWWYRDLRRYGTVPHSGFGLGFERLIAYVTGVQNVRDVIPFPRTPRNASF,53.9682684000001,30,62340,62590
17,CysRS,MLKIFNTLTRQKEEFKPIHAGEVGMYVCGITVYDLCHIGHGRTFVAFDVVARYLRFLGYKLKYVRNITDIDDKIIKRANENGESFVAMVDRMIAEMHKDFDALNILRPDMEPRATHHIAEIIELTEQLIAKGHAYVADNGDVMFDVPTDPTYGVLSRQDLDQLQAGARVDVVDDKRNPMDFVLWKMSKEGEPSWPSPWGAGRPGWHIECSAMNCKQLGNHFDIHGGGSDLMFPHHENEIAQSTCAHDGQYVNYWMHSGMVMVDREKMSKSLGNFFTVRDVLKYYDAETVRYFLMSGHYRSQLNYSEENLKQARAALERLYTALRGTDKTVAPAGGEAFEARFIEAMDDDFNTPEAYSVLFDMAREVNRLKAEDMAAANAMASHLRKLSAVLGLLEQEPEAFLQSGAQADDSEVAEIEALIQQRLDARKAKDWAAADAARDRLNEMGIVLEDGPQGTTWRRKLE,52.44379050000013,30,62340,62590
18,SerRS,MLDPNLLRNEPDAVAEKLARRGFKLDVDKLGALEERRKVLQVKTENLQAERNSRSKSIGQAKARGEDIEPLRLEVNKLGEELDAAKAELDALQAEIRDIALTIPNLPADEVPVGKDENDNVEVSRWGTPREFDFEVRDHVTLGEMHSGLDFAAAVKLTGSRFVVMKGQIARMHRALSQFMLDLHTEQHGYSENYVPYLVNQDTLYGTGQLPKFAGDLFHTRPLEEEADTSNYALIPTAEVPLTNLVRGEIIDEDDLPIKMTAHTPCFRSEAGSYGRDTRGLIRMHQFDKVEMVQIVRPEDSMAALEEMTGHAEKVLQLLGLPYRKIILCTGDMGFGACKTYDLEVWIPAQNTYREISSCSNVWDFQARRMQARCRSKSDKKTRLVHTLNGSGLAVGRTLVAVMENYQQADGRIEVPEVLRPYMNGLEYIGLEHHHHHH,49.47858340000006,30,34380,34630
19,TyrRS,MASSNLIKQLQERGLVAQVTDEEALAERLAQGPIALYCGFDPTADSLHLGHLVPLLCLKRFQQAGHKPVALVGGATGLIGDPSFKAAERKLNTEETVQEWVDKIRKQVAPFLDFDCGENSAIAANNYDWFGNMNVLTFLRDIGKHFSVNQMINKEAVKQRLNREDQGISFTEFSYNLLQGYDFACLNKQYGVVLQIGGSDQWGNITSGIDLTRRLHQNQVFGLTVPLITKADGTKFGKTEGGAVWLDPKKTSPYKFYQFWINTADADVYRFLKFFTFMSIEEINALEEEDKNSGKAPRAQYVLAEQVTRLVHGEEGLQAAKRITECLFSGSLSALSEADFEQLAQDGVPMVEMEKGADLMQALVDSELQPSRGQARKTIASNAITINGEKQSDPEYFFKEEDRLFGRFTLLRRGKKNYCLICWKLEHHHHHH,48.591501600000086,30,49390,49765
20,HisRS,MAKNIQAIRGMNDYLPGETAIWQRIEGTLKNVLGSYGYSEIRLPIVEQTPLFKRAIGEVTDVVEKEMYTFEDRNGDSLTLRPEGTAGCVRAGIEHGLLYNQEQRLWYIGPMFRHERPQKGRYRQFHQLGCEVFGLQGPDIDAELIMLTARWWRALGISEHVTLELNSIGSLEARANYRDALVAFLEQHKEKLDEDCKRRMYTNPLRVLDSKNPEVQALLNDAPALGDYLDEESREHFAGLCKLLESAGIAYTVNQRLVRGLDYYNRTVFEWVTNSLGSQGTVCAGGRYDGLVEQLGGRATPAVGFAMGLERLVLLVQAVNPEFKADPVVDIYLVASGADTQSAAMALAERLRDELPGVKLMTNHGGGNFKKQFARADKWGARVAVVLGESEVANGTAVVKDLRSGEQTAVAQDSVAAHLRTLLGLEHHHHHH,48.0939898000001,30,55350,55600
21,CK,MRGSHHHHHHGSMPFSSTHNKHKLKFSAEEEFPDLSKHNNHMAKVLTPELYKRLRDKETPSGFTLDDVIQTGVDNPGHPFIMTVGCVAGDEESYEVFKDLFDPVIQDRHGGYKPTDKHRTDLNHENLKGGDDLDPKYVLSSRVRTGRSIKGYSLPPHCSRGERRAVEKLSVEALNSLEGEFKGRYYPLKAMTEQEQQQLIDDHFLFDKPVSPLLLASGMARDWPDARGIWHNDNKTFLVWVNEEDHLRVISMEKGGNMKEVFRRFCVGLKKIEEIFKKAGHPFMWTEHLGYILTCPSNLGTGLRGGVHVKLPKLSQHPKFEEILHRLRLQKRGTGGVDTAAVGAVFDISNADRLGFSEVEQVQMVVDGVKLMVEMEKKLEQNQPIDDMIPAQK,44.72637880000003,10,33920,34170
22,EFTu,MSKEKFERTKPHVNVGTIGHVDHGKTTLTAAITTVLAKTYGGAARAFDQIDNAPEEKARGITINTSHVEYDTPTRHYAHVDCPGHADYVKNMITGAAQMDGAILVVAATDGPMPQTREHILLGRQVGVPYIIVFLNKCDMVDDEELLELVEMEVRELLSQYDFPGDDTPIVRGSALKALEGDAEWEAKILELAGFLDSYIPEPERAIDKPFLLPIEDVFSISGRGTVVTGRVERGIIKVGEEVEIVGIKETQKSTCTGVEMFRKLLDEGRAGENVGVLLRGIKREEIERGQVLAKPGTIKPHTKFESEVYILSKDEGGRHTPFFKGYRPQFYFRTTDVTGTIELPEGVEMVMPGDNIKMVVTLIHPIAMDDGLRFAIREGGRTVGAGVVAKVLGRSHHHHHH,44.34913840000003,10,20400,20525
23,RF2,MGSSHHHHHHSSGLVPRGSHMFEINPVNNRIQDLTERSDVLRGYLDYDAKKERLEEVNAELEQPDVWNEPERAQALGKERSSLEAVVDTLDQMKQGLEDVSGLLELAVEADDEETFNEAVAELDALEEKLAQLEFRRMFSGEYDSADCYLDIQAGSGGTEAQDWASMLERMYLRWAESRGFKTEIIEESEGEVAGIKSVTIKISGDYAYGWLRTETGVHRLVRKSPFDSGGRRHTSFSSAFVYPEVDDDIDIEINPADLRIDVYRTSGAGGQHVNRTESAVRITHIPTGIVTQCQNDRSQHKNKDQAMKQMKAKLYELEMQKKNAEKQAMEDNKSDIGWGSQIRSYVLDDSRIKDLRTGVETRNTQAVLDGSLDQFIEASLKAGL,43.41354390000005,10,43890,44015
24,RF1,MRGSHHHHHHGSMKPSIVAKLEALHERHEEVQALLGDAQTIADQERFRALSREYAQLSDVSRCFTDWQQVQEDIETAQMMLDDPEMREMAQDELREAKEKSEQLEQQLQVLLLPKDPDDERNAFLEVRAGTGGDEAALFAGDLFRMYSRYAEARRWRVEIMSASEGEHGGYKEIIAKISGDGVYGRLKFESGGHRVQRVPATESQGRIHTSACTVAVMPELPDAELPDINPADLRIDTFRSSGAGGQHVNTTDSAIRITHLPTGIVVECQDERSQHKNKAKALSVLGARIHAAEMAKRQQAEASTRRNLLGSGDRSDRNRTYNFPQGRVTDHRINLTLYRLDEVMEGKLDMLIEPIIQEHQADQLAALSEQE,41.91532140000006,10,21430,21555
25,PheRS,MRGSHHHHHHGSACDDDDKSHLAELVASAKAAISQASDVAALDNVRVEYLGKKGHLTLQMTTLRELPPEERPAAGAVINEAKEQVQQALNARKAELESAALNARLAAETIDVSLPGRRIENGGLHPVTRTIDRIESFFGELGFTVATGPEIEDDYHNFDALNIPGHHPARADHDTFWFDTTRLLRTQTSGVQIRTMKAQQPPIRIIAPGRVYRNDYDQTHTPMFHQMEGLIVDTNISFTNLKGTLHDFLRNFFEEDLQIRFRPSYFPFTEPSAEVDVMGKNGKWLEVLGCGMVHPNVLRNVGIDPEVYSGFAFGMGMERLTMLRYGVTDLRSFFENDLRFLKQFK,38.86138480000003,10,21430,21555
26,TrpRS,MTKPIVFSGAQPSGELTIGNYMGALRQWVNMQDDYHCIYCIVDQHAITVRQDAQKLRKATLDTLALYLACGIDPEKSTIFVQSHVPEHAQLGWALNCYTYFGELSRMTQFKDKSARYAENINAGLFDYPVLMAADILLYQTNLVPVGEDQKQHLELSRDIAQRFNALYGEIFKVPEPFIPKSGARVMSLLEPTKKMSKSDDNRNNVIGLLEDPKSVVKKIKRAVTDSDEPPVVRYDVQNKAGVSNLLDILSAVTGQSIPELEKQFEGKMYGHLKGEVADAVSGMLTELQERYHRFRNDEAFLQQVMKDGAEKASAHASRTLKAVYEAIGFVAKRLEHHHHHH,38.56156220000008,10,31860,32110
27,MTF,MSESLRIIFAGTPDFAARHLDALLSSGHNVVGVFTQPDRPAGRGKKLMPSPVKVLAEEKGLPVFQPVSLRPQENQQLVAELQADVMVVVAYGLILPKAVLEMPRLGCINVHGSLLPRWRGAAPIQRSLWAGDAETGVTIMQMDVGLDTGDMLYKLSCPITAEDTSGTLYDKLAELGPQGLITTLKQLADGTAKPEVQDETLVTYAEKLSKEEARIDWSLSAAQLERCIRAFNPWPMSWLEIEGQPVKVWKASVIDTATNAAPGTILEANKQGIQVATGDGILNLLSLQPAGKKAMSAQDLLNSRREWFVPGNRLVLEHHHHHH,35.23317130000002,10,44460,44585
28,GlyRS,MQKFDTRTFQGLILTLQDYWARQGCTIVQPLDMEVGAGTSHPMTCLRELGPEPMAAAYVQPSRRPTDGRYGENPNRLQHYYQFQVVIKPSPDNIQELYLGSLKELGMDPTIHDIRFVEDNWENPTLGAWGLGWEVWLNGMEVTQFTYFQQVGGLECKPVTGEITYGLERLAMYIQGVDSVYDLVWSDGPLGKTTYGDVFHQNEVEQSTYNFEYADVDFLFTCFEQYEKEAQQLLALENPLPLPAYERILKAAHSFNLLDARKAISVTERQRYILRIRTLTKAVAEAYYASREALGFPMCNKDK,34.77397500000001,10,59820,60070
29,PPiase,MTYTTRQIGAKNTLEYKVYIEKDGKPVSAFHDIPLYADKENNIFNMVVEIPRWTNAKLEITKEETLNPIIQDTKKGKLRFVRNCFPHHGYIHNYGAFPQTWEDPNVSHPETKAVGDNDPIDVLEIGETIAYTGQVKQVKALGIMALLDEGETDWKVIAIDINDPLAPKLNDIEDVEKYFPGLLRATNEWFRIYKIPDGKPENQFAFSGEAKNKKYALDIIKETHDSWKQLIAGKSSDSKGIDLTNVTLPDTPTYSKAASDAIPPASPKADAPIDKSIDKWFFISGSVLEHHHHHH,33.36427230000006,10,49390,49390
30,EFTs,MAEITASLVKELRERTGAGMMDCKKALTEANGDIELAIENMRKSGAIKAAKKAGNVAADGVIKTKIDGNYGIILEVNCQTDFVAKDAGFQAFADKVLDAAVAGKITDVEVLKAQFEEERVALVAKIGENINIRRVAALEGDVLGSYQHGARIGVLVAAKGADEELVKHIAMHVAASKPEFIKPEDVSAEVVEKEYQVQLDIAMQSGKPKEIAEKMVEGRMKKFTGEVSLTGQPFVMEPSKTVGQLLKEHNAEVTGFIRFEVGEGIEKVETDFAAEVAAMSKQSRSHHHHHH,31.48873100000004,10,4470,4595
31,MK,MSTEKLKHHKIIFVVGGPGSGKGTQCEKIVHKYGYTHLSTGDLLRAEVSSGSERGKKLQAIMEKGELVPLDTVLDMLRDAMLAKADTSKGFLIDGYPREVKQGEEFEKKIAPPTLLLYVDAGKETMVKRLLKRGETSGRVDDNEETIKKRLETYYKATEPVIAFYKGRGIVRQLNAEGTVDEVFQQVCSYLDKLLEHHHHHH,22.74786840000001,10,11920,12045
32,IF3,MRGSHHHHHHGSIKGGKRVQTARPNRINGEIRAQEVRLTGLEGEQLGIVSLREALEKAEEAGVDLVEISPNAEPPVCRIMDYGKFLYEKSKSSKEQKKKQKVIQVKEIKFRPGTDEGDYQVKLRSLIRFLEEGDKAKITLRFRGREMAHQQIGMEVLNRVKDDLQELAVVESFPTKIEGRQMIMVLAPKKKQ,21.94412220000001,10,4470,4470
33,RRF,MISDIRKDAEVRMDKCVEAFKTQISKIRTGRASPSLLDGIVVEYYGTPTPLRQLASVTVEDSRTLKINVFDRSMSPAVEKAIMASDLGLNPNSAGSDIRVPLPPLTEERRKDLTKIVRGEAEQARVAVRNVRRDANDKVKALLKDKEISEDDDRRSQDDVQKLTDAAIKKIEAALADKEAELMQFGSRSHHHHHH,21.848561600000004,10,2980,2980
34,NDK,MRGSHHHHHHGSDDDDKAIERTFSIIKPNAVAKNVIGNIFARFEAAGFKIVGTKMLHLTVEQARGFYAEHDGKPFFDGLVEFMTSGPIVVSVLEGENAVQRHRDLLGATNPANALAGTLRADYADSLTENGTHGSDSVESAAREIAYFFGEGEVCPRTR,17.319056199999984,10,4470,4470
35,IF1,MRGSHHHHHHGSMAKEDNIEMQGTVLETLPNTMFRVELENGHVVTAHISGKMRKNYIRILTGDKVTVELTPYDLSKGRIVFRSR,9.647960599999992,3,2980,2980
