,Name,Sequence,Protein MW kD,Recommended MWCO
35,ValRS,MEKTYNPQDIEQPLYEHWEKQGYFKPNGDESQESFCIMIPPPNVTGSLHMGHAFQQTIMDTMIRYQRMQGKNTLWQVGTDHAGIATQMVVERKIAAEEGKTRHDYGREAFIDKIWEWKAESGGTITRQMRRLGNSVDWERERFTMDEGLSNAVKEVFVRLYKEDLIYRGKRLVNWDPKLRTAISDLEVENRESKGSMWHIRYPLADGAKTADGKDYLVVATTRPETLLGDTGVAVNPEDPRYKDLIGKYVILPLVNRRIPIVGDEHADMEKGTGCVKITPAHDFNDYEVGKRHALPMINILTFDGDIRESAQVFDTKGNESDVYSSEIPAEFQKLERFAARKAVVAAVDALGLLEEIKPHDLTVPYGDRGGVVIEPMLTDQWYVRADVLAKPAVEAVENGDIQFVPKQYENMYFSWMRDIQDWCISRQLWWGHRIPAWYDEAGNVYVGRNEDEVRKENNLGADVVLRQDEDVLDTWFSSALWTFSTLGWPENTDALRQFHPTSVMVSGFDIIFFWIARMIMMTMHFIKDENGKPQVPFHTVYMTGLIRDDEGQKMSKSKGNVIDPLDMVDGISLPELLEKRTGNMMQPQLADKIRKRTEKQFPNGIEPHGTDALRFTLAALASTGRDINWDMKRLEGYRNFCNKLWNASRFVLMNTEGQDCGFNGGEMTLSLADRWILAEFNQTIKAYREALDSFRFDIAAGILYEFTWNQFCDWYLELTKPVMNGGTEAELRGTRHTLVTVLEGLLRLAHPIIPFITETIWQRVKVLCGITADTIMLQPFPQYDASQVDEAALADTEWLKQAIVAVRNIRAEMNIAPGKPLELLLRGCSADAERRVNENRGFLQTLARLESITVLPADDKGPVSVTKIIDGAELLIPMAGLINKEDELARLAKEVAKIEGEISRIENKLANEGFVARAPEAVIAKEREKLEGYAEAKAKLIEQQAVIAAAALEHHHHHH,109.2851947000008,50
16,IleRS,MHHHHHHSDYKSTLNLPETGFPMRGDLAKREPGMLARWTDDDLYGIIRAAKKGKKTFILHDGPPYANGSIHIGHSVNKILKDIIVKSKGLSGYDSPYVPGWDCHGLPIELKVEQEYGKPGEKFTAAEFRAKCREYAATQVDGQRKDFIRLGVLGDWSHPYLTMDFKTEANIIRALGKIIGNGHLHKGAKPVHWCVDCRSALAEAEVEYYDKTSPSIDVAFQAVDQDALKAKFAVSNVNGPISLVIWTTTPWTLPANRAISIAPDFDYALVQIDGQAVILAKDLVESVMQRIGVTDYTILGTVKGAELELLRFTHPFMGFDVPAILGDHVTLDAGTGAVHTAPGHGPDDYVIGQKYGLETANPVGPDGTYLPGTYPTLDGVNVFKANDIVVALLQEKGALLHVEKMQHSYPCCWRHKTPIIFRATPQWFVSMDQKGLRAQSLKEIKGVQWIPDWGQARIESMVANRPDWCISRQRTWGVPMSLFVHKDTEELHPRTLELMEEVAKRVEVDGIQAWWDLDAKEILGDEADQYVKVPDTLDVWFDSGSTHSSVVDVRPEFAGHAADMYLEGSDQHRGWFMSSLMISTAMKGKAPYRQVLTHGFTVDGQGRKMSKSIGNTVSPQDVMNKLGADILRLWVASTDYTGEMAVSDEILKRAADSYRRIRNTARFLLANLNGFDPAKDMVKPEEMVVLDRWAVGCAKAAQEDILKAYEAYDFHEVVQRLMRFCSVEMGSFYLDIIKDRQYTAKADSVARRSCQTALYHIAEALVRWMAPILSFTADEVWGYLPGEREKYVFTGEWYEGLFGLADSEAMNDAFWDELLKVRGEVNKVIEQARADKKVGGSLEAAVTLYAEPELSAKLTALGDELRFVLLTSGATVADYNDAPADAQQSEVLKGLKVALSKAEGEKCPRCWHYTQDVGKVAEHAEICGRCVSNVAGDGEKRKFA,105.11844690000075,50
31,T7RNAP,MRGSHHHHHHGSMNTINIAKNDFSDIELAAIPFNTLADHYGERLAREQLALEHESYEMGEARFRKMFERQLKAGEVADNAAAKPLITTLLPKMIARINDWFEEVKAKRGKRPTAFQFLQEIKPEAVAYITIKTTLACLTSADNTTVQAVASAIGRAIEDEARFGRIRDLEAKHFKKNVEEQLNKRVGHVYKKAFMQVVEADMLSKGLLGGEAWSSWHKEDSIHVGVRCIEMLIESTGMVSLHRQNAGVVGQDSETIELAPEYAEAIATRAGALAGISPMFQPCVVPPKPWTGITGGGYWANGRRPLALVRTHSKKALMRYEDVYMPEVYKAINIAQNTAWKINKKVLAVANVITKWKHCPVEDIPAIEREELPMKPEDIDMNPEALTAWKRAAAAVYRKDKARKSRRISLEFMLEQANKFANHKAIWFPYNMDWRGRVYAVSMFNPQGNDMTKGLLTLAKGKPIGKEGYYWLKIHGANCAGVDKVPFPERIKFIEENHENIMACAKSPLENTWWAEQDSPFCFLAFCFEYAGVQHHGLSYNCSLPLAFDGSCSGIQHFSAMLRDEVGGRAVNLLPSETVQDIYGIVAKKVNEILQADAINGTDNEVVTVTDENTGEISEKVKLGTKALAGQWLAYGVTRSVTKRSVMTLAYGSKEFGFRQQVLEDTIQPAIDSGKGLMFTQPNQAAGYMAKLIWESVSVTVVAAVEAMNWLKSAAKLLAAEVKDKKTGEILRKRCAVHWVTPDGFPVWQEYKKPIQTRLNLMFLGQFRLQPTINTNKDSEIDAHKQESGIAPNFVHSQDGSHLRKTVVWAHEKYGIESFALIHDSFGTIPADAANLFKAVRETMVDTYESCDVLADFYDQFADQLHESQLDKMPALPAKGNLNLRDILESDFAFA,100.25260610000056,50
14,IF2,MRGSHHHHHHGSMTDVTIKTLAAERQTSVERLVQQFADAGIRKSADDSVSAQEKQTLIDHLNQKNSGPDKLTLQRKTRSTLNIPGTGGKSKSVQIEVRKKRTFVKRDPQEAERLAAEEQAQREAEEQARREAEESAKREAQQKAEREAAEQAKREAAEQAKREAAEKDKVSNQQDDMTKNAQAEKARREQEAAELKRKAEEEARRKLEEEARRVAEEARRMAEENKWTDNAEPTEDSSDYHVTTSQHARQAEDESDREVEGGRGRGRNAKAARPKKGNKHAESKADREEARAAVRGGKGGKRKGSSLQQGFQKPAQAVNRDVVIGETITVGELANKMAVKGSQVIKAMMKLGAMATINQVIDQETAQLVAEEMGHKVILRRENELEEAVMSDRDTGAAAEPRAPVVTIMGHVDHGKTSLLDYIRSTKVASGEAGGITQHIGAYHVETENGMITFLDTPGHAAFTSMRARGAQATDIVVLVVAADDGVMPQTIEAIQHAKAAQVPVVVAVNKIDKPEADPDRVKNELSQYGILPEEWGGESQFVHVSAKAGTGIDELLDAILLQAEVLELKAVRKGMASGAVIESFLDKGRGPVATVLVREGTLHKGDIVLCGFEYGRVRAMRNELGQEVLEAGPSIPVEILGLSGVPAAGDEVTVVRDEKKAREVALYRQGKFREVKLARQQKSKLENMFANMTEGEVHEVNIVLKADVQGSVEAISDSLLKLSTDEVKVKIIGSGVGGITETDATLAAASNAILVGFNVRADASARKVIEAESLDLRYYSVIYNLIDEVKAAMSGMLSPELKQQIIGLAEVRDVFKSPKFGAIAGCMVTEGVVKRHNPIRVLRDNVVIYEGELESLRRFKDDVNEVRNGMECGIGVKNYNDVRTGDVIEVFEIIEIQRTIA,98.74722400000066,50
17,LeuRS,MQEQYRPEEIESKVQLHWDEKRTFEVTEDESKEKYYCLSMLPYPSGRLHMGHVRNYTIGDVIARYQRMLGKNVLQPIGWDAFGLPAEGAAVKNNTAPAPWTYDNIAYMKNQLKMLGFGYDWSRELATCTPEYYRWEQKFFTELYKKGLVYKKTSAVNWCPNDQTVLANEQVIDGCCWRCDTKVERKEIPQWFIKITAYADELLNDLDKLDHWPDTVKTMQRNWIGRSEGVEITFNVNDYDNTLTVYTTRPDTFMGCTYLAVAAGHPLAQKAAENNPELAAFIDECRNTKVAEAEMATMEKKGVDTGFKAVHPLTGEEIPVWAANFVLMEYGTGAVMAVPGHDQRDYEFASKYGLNIKPVILAADGSEPDLSQQALTEKGVLFNSGEFNGLDHEAAFNAIADKLTAMGVGERKVNYRLRDWGVSRQRYWGAPIPMVTLEDGTVMPTPDDQLPVILPEDVVMDGITSPIKADPEWAKTTVNGMPALRETDTFDTFMESSWYYARYTCPQYKEGMLDSEAANYWLPVDIYIGGIEHAIMHLLYFRFFHKLMRDAGMVNSDEPAKQLLCQGMVLADAFYYVGENGERNWVSPVDAIVERDEKGRIVKAKDAAGHELVYTGMSKMSKSKNNGIDPQVMVERYGADTVRLFMMFASPADMTLEWQESGVEGANRFLKRVWKLVYEHTAKGDVAALNVDALTENQKALRRDVHKTIAKVTDDIGRRQTFNTAIAAIMELMNKLAKAPTDGEQDRALMQEALLAVVRMLNPFTPHICFTLWQELKGEGDIDNAPWPVADEKAMVEDSTLVVVQVNGKVRAKITVPVDATEEQVRERAGQEHLVAKYLDGVTVRKVIYVPGKLLNLVVGLEHHHHHH,98.29777080000046,50
0,AlaRS,MRGSHHHHHHGSACDDDDKSNSTAEIRQAFLDFFHSKGHQVVASSSLVPHNDPTLLFTNAGMNQFKDVFLGLDKRNYSRATTSQRCVRAGGKHNDLENVGYTARHHTFFEMLGNFSFGDYFKHDAIQFAWELLTSEKWFALPKERLWVTVYESDDEAYEIWEKEVGIPRERIIRIGDNKGAPYASDNFWQMGDTGPCGPCTEIFYDHGDHIWGGPPGSPEEDGDRYIEIWNIVFMQFNRQADGTMEPLPKPSVDTGMGLERIAAVLQHVNSNYDIDLFRTLIQAVAKVTGATDLSNKSLRVIADHIRSCAFLIADGVMPSNENRGYVLRRIIRRAVRHGNMLGAKETFFYKLVGPLIDVMGSAGEDLKRQQAQVEQVLKTEEEQFARTLERGLALLDEELAKLSGDTLDGETAFRLYDTYGFPVDLTADVCRERNIKVDEAGFEAAMEEQRRRAREASGFGADYNAMIRVDSASEFKGYDHLELNGKVTALFVDGKAVDAINAGQEAVVVLDQTPFYAESGGQVGDKGELKGANFSFAVEDTQKYGQAIGHIGKLAAGSLKVGDAVQADVDEARRARIRLNHSATHLMHAALRQVLGTHVSQKGSLVNDKVLRFDFSHNEAMKPEEIRAVEDLVNTQIRRNLPIETNIMDLEAAKAKGAMALFGEKYDERVRVLSMGDFSTELCGGTHASRTGDIGLFRIISESGTAAGVRRIEAVTGEGAIATVHADSDRLSEVAHLLKGDSNNLADKVRSVLERTRQLEKELQQLKEQAAAQESANLSSKAIDVNGVKLLVSELSGVEPKMLRTMVDDLKNQLGSTIIVLATVVEGKVSLIAGVSKDVTDRVKAGELIGMVAQQVGGKGGGRPDMAQAGGTDAAALPAALASVKGWVSAKLQ,98.04720870000064,50
6,EFG,MARTTPIARYRNIGISAHIDAGKTTTTERILFYTGVNHKIGEVHDGAATMDWMEQEQERGITITSAATTAFWSGMAKQYEPHRINIIDTPGHVDFTIEVERSMRVLDGAVMVYCAVGGVQPQSETVWRQANKYKVPRIAFVNKMDRMGANFLKVVNQIKTRLGANPVPLQLAIGAEEHFTGVVDLVKMKAINWNDADQGVTFEYEDIPADMVELANEWHQNLIESAAEASEELMEKYLGGEELTEAEIKGALRQRVLNNEIILVTCGSAFKNKGVQAMLDAVIDYLPSPVDVPAINGILDDGKDTPAERHASDDEPFSALAFKIATDPFVGNLTFFRVYSGVVNSGDTVLNSVKAARERFGRIVQMHANKREEIKEVRAGDIAAAIGLKDVTTGDTLCDPDAPIILERMEFPEPVISIAVEPKTKADQEKMGLALGRLAKEDPSFRVWTDEESNQTIIAGMGELHLDIIVDRMKREFNVEANVGKPQVAYRETIRQKVTDVEGKHAKQSGGRGQYGHVVIDMYPLEPGSNPKGYEFINDIKGGVIPGEYIPAVDKGIQEQLKAGPLAGYPVVDMGIRLHFGSYHDVDSSELAFKLAASIAFKEGFKKAKPVLLEPIMKVEVETPEENTGDVIGDLSRRRGMLKGQESEVTGVKIHAEVPLSEMFGYATQLRSLTKGRASYTMEFLKYDEAPSNVAQAVIEARGKRSHHHHHH,78.64649220000038,50
19,MetRS,MTQVAKKILVTCALPYANGSIHLGHMLEHIQADVWVRYQRMRGHEVNFICADDAHGTPIMLKAQQLGITPEQMIGEMSQEHQTDFAGFNISYDNYHSTHSEENRQLSELIYSRLKENGFIKNRTISQLYDPEKGMFLPDRFVKGTCPKCKSPDQYGDNCEVCGATYSPTELIEPKSVVSGATPVMRDSEHFFFDLPSFSEMLQAWTRSGALQEQVANKMQEWFESGLQQWDISRDAPYFGFEIPNAPGKYFYVWLDAPIGYMGSFKNLCDKRGDSVSFDEYWKKDSTAELYHFIGKDIVYFHSLFWPAMLEGSNFRKPSNLFVHGYVTVNGAKMSKSRGTFIKASTWLNHFDADSLRYYYTAKLSSRIDDIDLNLEDFVQRVNADIVNKVVNLASRNAGFINKRFDGVLASELADPQLYKTFTDAAEVIGEAWESREFGKAVREIMALADLANRYVDEQAPWVVAKQEGRDADLQAICSMGINLFRVLMTYLKPVLPKLTERAEAFLNTELTWDGIQQPLLGHKVNPFKALYNRIDMRQVEALVEASKEEVKAAAAPVTGPLADDPIQETITFDDFAKVDLRVALIENAEFVEGSDKLLRLTLDLGGEKRNVFSGIRSAYPDPQALIGRHTIMVANLAPRKMRFGISEGMVMAAGPGGKDIFLLSPDAGAKPGHQVKLEHHHHHH,77.31894870000035,50
32,ThrRS,MRGSHHHHHHGSDDDDKPVITLPDGSQRHYDHAVSPMDVALDIGPGLAKACIAGRVNGELVDACDLIENDAQLSIITAKDEEGLEIIRHSCAHLLGHAIKQLWPHTKMAIGPVIDNGFYYDVDLDRTLTQEDVEALEKRMHELAEKNYDVIKKKVSWHEARETFANRGESYKVSILDENIAHDDKPGLYFHEEYVDMCRGPHVPNMRFCHHFKLMKTAGAYWRGDSNNKMLQRIYGTAWADKKALNAYLQRLEEAAKRDHRKIGKQLDLYHMQEEAPGMVFWHNDGWTIFRELEVFVRSKLKEYQYQEVKGPFMMDRVLWEKTGHWDNYKDAMFTTSSENREYCIKPMNCPGHVQIFNQGLKSYRDLPLRMAEFGSCHRNEPSGSLHGLMRVRGFTQDDAHIFCTEEQIRDEVNGCIRLVYDMYSTFGFEKIVVKLSTRPEKRIGSDEMWDRAEADLAVALEENNIPFEYQLGEGAFYGPKIEFTLYDCLDRAWQCGTVQLDFSLPSRLSASYVGEDNERKVPVMIHRAILGSMERFIGILTEEFAGFFPTWLAPVQVVIMNITDSQSEYVNELTQKLSNAGIRVKADLRNEKIGFKIREHTLRRVPYMLVCGDKEVESGKVAVRTRRGKDLGSMDVNEVIEKLQQEIRSRSLKQLEE,75.86928310000027,50
1,ArgRS,MGHHHHHHHHHHSSGHIEGRHMNIQALLSEKVRQAMIAAGAPADCEPQVRQSAKVQFGDYQANGMMAVAKKLGMAPRQLAEQVLTHLDLNGIASKVEIAGPGFINIFLDPAFLAEHVQQALASDRLGVATPEKQTIVVDYSAPNVAKEMHVGHLRSTIIGDAAVRTLEFLGHKVIRANHVGDWGTQFGMLIAWLEKQQQENAGEMELADLEGFYRDAKKHYDEDEEFAERARNYVVKLQSGDEYFREMWRKLVDITMTQNQITYDRLNVTLTRDDVMGESLYNPMLPGIVADLKAKGLAVESEGATVVFLDEFKNKEGEPMGVIIQKKDGGYLYTTTDIACAKYRYETLHADRVLYYIDSRQHQHLMQAWAIVRKAGYVPESVPLEHHMFGMMLGKDGKPFKTRAGGTVKLADLLDEALERARRLVAEKNPDMPADELEKLANAVGIGAVKYADLSKNRTTDYIFDWDNMLAFEGNTAPYMQYAYTRVLSVFRKAEIDEEQLAAAPVIIREDREAQLAARLLQFEETLTVVAREGTPHVMCAYLYDLAGLFSGFYEHCPILSAENEEVRNSRLKLAQLTAKTLKLGLDTLGIETVERM,67.20285010000023,30
3,AspRS,MRTEYCGQLRLSHVGQQVTLCGWVNRRRDLGSLIFIDMRDREGIVQVFFDPDRADALKLASELRNEFCIQVTGTVRARDEKNINRDMATGEIEVLASSLTIINRADVLPLDSNHVNTEEARLKYRYLDLRRPEMAQRLKTRAKITSLVRRFMDDHGFLDIETPMLTKATPEGARDYLVPSRVHKGKFYALPQSPQLFKQLLMMSGFDRYYQIVKCFRDEDLRADRQPEFTQIDVETSFMTAPQVREVMEALVRHLWLEVKGVDLGDFPVMTFAEAERRYGSDKPDLRNPMELTDVADLLKSVEFAVFAGPANDPKGRVAALRVPGGASLTRKQIDEYGNFVKIYGAKGLAYIKVNERAKGLEGINSPVAKFLNAEIIEDILDRTAAQDGDMIFFGADNKKIVADAMGALRLKVGKDLGLTDESKWAPLWVIDFPMFEDDGEGGLTAMHHPFTSPKDMTAAELKAAPENAVANAYDMVINGYEVGGGSVRIHNGDMQQTVFGILGINEEEQREKFGFLLDALKYGTPPHAGLAFGLDRLTMLLTGTDNIRDVIAFPKTTAAACLMTEAPSFANPTALAELSIQVVKKAENNLE,66.15496230000025,30
25,ProRS,MRTSQYLLSTLKETPADAEVISHQLMLRAGMIRKLASGLYTWLPTGVRVLKKVENIVREEMNNAGAIEVSMPVVQPADLWQESGRWEQYGPELLRFVDRGERPFVLGPTHEEVITDLIRNELSSYKQLPLNFYQIQTKFRDEVRPRFGVMRSREFLMKDAYSFHTSQESLQETYDAMYAAYSKIFSRMGLDFRAVQADTGSIGGSASHEFQVLAQSGEDDVVFSDTSDYAANIELAEAIAPKEPRAAATQEMTLVDTPNAKTIAELVEQFNLPIEKTVKTLLVKAVEGSSFPQVALLVRGDHELNEVKAEKLPQVASPLTFATEEEIRAVVKAGPGSLGPVNMPIPVVIDRTVAAMSDFAAGANIDGKHYFGINWDRDVATPEVADIRNVVAGDPSPDGQGRLLIKRGIEVGHIFQLGTKYSEALKASVQGEDGRNQILTMGCYGIGVTRVVAAAIEQNYDERGIVWPDAIAPFQVAILPMNMHKSFRVQELAEKLYSELRAQGIEVLLDDRKERPGVMFADMELIGIPHTIVLGDRNLDNDDIEYKYRRNGEKQLIKTGDIVEYLVKQIKGLEHHHHHH,64.75694080000012,30
9,GlnRS,MSEAEARPTNFIRQIIDEDLASGKHTTVHTRFPPEPNGYLHIGHAKSICLNFGIAQDYKGQCNLRFDDTNPVKEDIEYVESIKNDVEWLGFHWSGNVRYSSDYFDQLHAYAIELINKGLAYVDELTPEQIREYRGTLTQPGKNSPYRDRSVEENLALFEKMRAGGFEEGKACLRAKIDMASPFIVMRDPVLYRIKFAEHHQTGNKWCIYPMYDFTHCISDALEGITHSLCTLEFQDNRRLYDWVLDNITIPVHPRQYEFSRLNLEYTVMSKRKLNLLVTDKHVEGWDDPRMPTISGLRRRGYTAASIREFCKRIGVTKQDNTIEMASLESCIREDLNENAPRAMAVIDPVKLVIENYQGEGEMVTMPNHPNKPEMGSRQVPFSGEIWIDRADFREEANKQYKRLVLGKEVRLRNAYVIKAERVEKDAEGNITTIFCTYDADTLSKDPADGRKVKGVIHWVSAAHALPVEIRLYDRLFSVPNPGAADDFLSVINPESLVIKQGFAEPSLKDAVAGKAFQFEREGYFCLDSRHSTAEKPVFNRTVGLRDTWAKVGELE,63.71941640000018,30
28,RF3,MRGSHHHHHHGSDDDDKMTLSPYLQEVAKRRTFAIISHPDAGKTTITEKVLLFGQAIQTAGTVKGRGSNQHAKSDWMEMEKQRGISITTSVMQFPYHDCLVNLLDTPGHEDFSEDTYRTLTAVDCCLMVIDAAKGVEDRTRKLMEVTRLRDTPILTFMNKLDRDIRDPMELLDEVENELKIGCAPITWPIGCGKLFKGVYHLYKDETYLYQSGKGHTIQEVRIVKGLNNPDLDAAVGEDLAQQLRDELELVKGASNEFDKELFLAGEITPVFFGTALGNFGVDHMLDGLVEWAPAPMPRQTDTRTVEASEDKFTGFVFKIQANMDPKHRDRVAFMRVVSGKYEKGMKLRQVRTAKDVVISDALTFMAGDRSHVEEAYPGDILGLHNHGTIQIGDTFTQGEMMKFTGIPNFAPELFRRIRLKDPLKQKQLLKGLVQLSEEGAVQVFRPISNNDLIVGAVGVLQFDVVVARLKSEYNVEAVYESVNVATARWVECADAKKFEEFKRKNESQLALDGGDNLAYIATSMVNLRLAQERYPDVQFHQTREH,61.56039230000018,30
18,LysRS,MSEQETRGANEAIDFNDELRNRREKLAALRQQGVAFPNDFRRDHTSDQLHEEFDAKDNQELESLNIEVSVAGRMMTRRIMGKASFVTLQDVGGRIQLYVARDSLPEGVYNDQFKKWDLGDIIGARGTLFKTQTGELSIHCTELRLLTKALRPLPDKFHGLQDQEVRYRQRYLDLIANDKSRQTFVVRSKILAAIRQFMVARGFMEVETPMMQVIPGGASARPFITHHNALDLDMYLRIAPELYLKRLVVGGFERVFEINRNFRNEGISVRHNPEFTMMELYMAYADYHDLIELTESLFRTLAQEVLGTTKVTYGEHVFDFGKPFEKLTMREAIKKYRPETDMADLDNFDAAKALAESIGITVEKSWGLGRIVTEIFDEVAEAHLIQPTFITEYPAEVSPLARRNDVNPEITDRFEFFIGGREIGNGFSELNDAEDQAERFQEQVNAKAAGDDEAMFYDEDYVTALEYGLPPTAGLGIGIDRMIMLFTNSHTIRDVILFPAMRPQKLEHHHHHH,58.890995200000106,30
10,GluRS,MKIKTRFAPSPTGYLHVGGARTALYSWLFARNHGGEFVLRIEDTDLERSTPEAIEAIMDGMNWLSLEWDEGPYYQTKRFDRYNAVIDQMLEEGTAYKCYCSKERLEALREEQMAKGEKPRYDGRCRHSHEHHADDEPCVVRFANPQEGSVVFDDQIRGPIEFSNQELDDLIIRRTDGSPTYNFCVVVDDWDMEITHVIRGEDHINNTPRQINILKALKAPVPVYAHVSMINGDDGKKLSKRHGAVSVMQYRDDGYLPEALLNYLVRLGWSHGDQEIFTREEMIKYFTLNAVSKSASAFNTDKLLWLNHHYINALPPEYVATHLQWHIEQENIDTRNGPQLADLVKLLGERCKTLKEMAQSCRYFYEDFAEFDADAAKKHLRPVARQPLEVVRDKLAAITDWTAENVHHAIQATADELEVGMGKVGMPLRVAVTGAGQSPALDVTVHAIGKTRSIERINKALDFIAERENQQLEHHHHHH,54.8802074000001,30
2,AsnRS,MRGSHHHHHHGSMSVVPVADVLQGRVAVDSEVTVRGWVRTRRDSKAGISFLAVYDGSCFDPVQAVINNSLPNYNEDVLRLTTGCSVIVTGKVVASPGQGQQFEIQASKVEVAGWVEDPDTYPMAAKRHSIEYLREVAHLRPRTNLIGAVARVRHTLAQALHRFFNEQGFFWVSTPLITASDTEGAGEMFRVSTLDLENLPRNDQGKVDFDKDFFGKESFLTVSGQLNGETYACALSKIYTFGPTFRAENSNTSRHLAEFWMLEPEVAFANLNDIAGLAEAMLKYVFKAVLEERADDMKFFAERVDKDAVSRLERFIEADFAQVDYTDAVTILENCGRKFENPVYWGVDLSSEHERYLAEEHFKAPVVVKNYPKDIKAFYMRLNEDGKTVAAMDVLAPGIGEIIGGSQREERLDVLDERMLEMGLNKEDYWWYRDLRRYGTVPHSGFGLGFERLIAYVTGVQNVRDVIPFPRTPRNASF,53.9682684000001,30
5,CysRS,MLKIFNTLTRQKEEFKPIHAGEVGMYVCGITVYDLCHIGHGRTFVAFDVVARYLRFLGYKLKYVRNITDIDDKIIKRANENGESFVAMVDRMIAEMHKDFDALNILRPDMEPRATHHIAEIIELTEQLIAKGHAYVADNGDVMFDVPTDPTYGVLSRQDLDQLQAGARVDVVDDKRNPMDFVLWKMSKEGEPSWPSPWGAGRPGWHIECSAMNCKQLGNHFDIHGGGSDLMFPHHENEIAQSTCAHDGQYVNYWMHSGMVMVDREKMSKSLGNFFTVRDVLKYYDAETVRYFLMSGHYRSQLNYSEENLKQARAALERLYTALRGTDKTVAPAGGEAFEARFIEAMDDDFNTPEAYSVLFDMAREVNRLKAEDMAAANAMASHLRKLSAVLGLLEQEPEAFLQSGAQADDSEVAEIEALIQQRLDARKAKDWAAADAARDRLNEMGIVLEDGPQGTTWRRKLE,52.44379050000013,30
30,SerRS,MLDPNLLRNEPDAVAEKLARRGFKLDVDKLGALEERRKVLQVKTENLQAERNSRSKSIGQAKARGEDIEPLRLEVNKLGEELDAAKAELDALQAEIRDIALTIPNLPADEVPVGKDENDNVEVSRWGTPREFDFEVRDHVTLGEMHSGLDFAAAVKLTGSRFVVMKGQIARMHRALSQFMLDLHTEQHGYSENYVPYLVNQDTLYGTGQLPKFAGDLFHTRPLEEEADTSNYALIPTAEVPLTNLVRGEIIDEDDLPIKMTAHTPCFRSEAGSYGRDTRGLIRMHQFDKVEMVQIVRPEDSMAALEEMTGHAEKVLQLLGLPYRKIILCTGDMGFGACKTYDLEVWIPAQNTYREISSCSNVWDFQARRMQARCRSKSDKKTRLVHTLNGSGLAVGRTLVAVMENYQQADGRIEVPEVLRPYMNGLEYIGLEHHHHHH,49.47858340000006,30
34,TyrRS,MASSNLIKQLQERGLVAQVTDEEALAERLAQGPIALYCGFDPTADSLHLGHLVPLLCLKRFQQAGHKPVALVGGATGLIGDPSFKAAERKLNTEETVQEWVDKIRKQVAPFLDFDCGENSAIAANNYDWFGNMNVLTFLRDIGKHFSVNQMINKEAVKQRLNREDQGISFTEFSYNLLQGYDFACLNKQYGVVLQIGGSDQWGNITSGIDLTRRLHQNQVFGLTVPLITKADGTKFGKTEGGAVWLDPKKTSPYKFYQFWINTADADVYRFLKFFTFMSIEEINALEEEDKNSGKAPRAQYVLAEQVTRLVHGEEGLQAAKRITECLFSGSLSALSEADFEQLAQDGVPMVEMEKGADLMQALVDSELQPSRGQARKTIASNAITINGEKQSDPEYFFKEEDRLFGRFTLLRRGKKNYCLICWKLEHHHHHH,48.591501600000086,30
12,HisRS,MAKNIQAIRGMNDYLPGETAIWQRIEGTLKNVLGSYGYSEIRLPIVEQTPLFKRAIGEVTDVVEKEMYTFEDRNGDSLTLRPEGTAGCVRAGIEHGLLYNQEQRLWYIGPMFRHERPQKGRYRQFHQLGCEVFGLQGPDIDAELIMLTARWWRALGISEHVTLELNSIGSLEARANYRDALVAFLEQHKEKLDEDCKRRMYTNPLRVLDSKNPEVQALLNDAPALGDYLDEESREHFAGLCKLLESAGIAYTVNQRLVRGLDYYNRTVFEWVTNSLGSQGTVCAGGRYDGLVEQLGGRATPAVGFAMGLERLVLLVQAVNPEFKADPVVDIYLVASGADTQSAAMALAERLRDELPGVKLMTNHGGGNFKKQFARADKWGARVAVVLGESEVANGTAVVKDLRSGEQTAVAQDSVAAHLRTLLGLEHHHHHH,48.0939898000001,30
4,CK,MRGSHHHHHHGSMPFSSTHNKHKLKFSAEEEFPDLSKHNNHMAKVLTPELYKRLRDKETPSGFTLDDVIQTGVDNPGHPFIMTVGCVAGDEESYEVFKDLFDPVIQDRHGGYKPTDKHRTDLNHENLKGGDDLDPKYVLSSRVRTGRSIKGYSLPPHCSRGERRAVEKLSVEALNSLEGEFKGRYYPLKAMTEQEQQQLIDDHFLFDKPVSPLLLASGMARDWPDARGIWHNDNKTFLVWVNEEDHLRVISMEKGGNMKEVFRRFCVGLKKIEEIFKKAGHPFMWTEHLGYILTCPSNLGTGLRGGVHVKLPKLSQHPKFEEILHRLRLQKRGTGGVDTAAVGAVFDISNADRLGFSEVEQVQMVVDGVKLMVEMEKKLEQNQPIDDMIPAQK,44.72637880000003,10
8,EFTu,MSKEKFERTKPHVNVGTIGHVDHGKTTLTAAITTVLAKTYGGAARAFDQIDNAPEEKARGITINTSHVEYDTPTRHYAHVDCPGHADYVKNMITGAAQMDGAILVVAATDGPMPQTREHILLGRQVGVPYIIVFLNKCDMVDDEELLELVEMEVRELLSQYDFPGDDTPIVRGSALKALEGDAEWEAKILELAGFLDSYIPEPERAIDKPFLLPIEDVFSISGRGTVVTGRVERGIIKVGEEVEIVGIKETQKSTCTGVEMFRKLLDEGRAGENVGVLLRGIKREEIERGQVLAKPGTIKPHTKFESEVYILSKDEGGRHTPFFKGYRPQFYFRTTDVTGTIELPEGVEMVMPGDNIKMVVTLIHPIAMDDGLRFAIREGGRTVGAGVVAKVLGRSHHHHHH,44.34913840000003,10
27,RF2,MGSSHHHHHHSSGLVPRGSHMFEINPVNNRIQDLTERSDVLRGYLDYDAKKERLEEVNAELEQPDVWNEPERAQALGKERSSLEAVVDTLDQMKQGLEDVSGLLELAVEADDEETFNEAVAELDALEEKLAQLEFRRMFSGEYDSADCYLDIQAGSGGTEAQDWASMLERMYLRWAESRGFKTEIIEESEGEVAGIKSVTIKISGDYAYGWLRTETGVHRLVRKSPFDSGGRRHTSFSSAFVYPEVDDDIDIEINPADLRIDVYRTSGAGGQHVNRTESAVRITHIPTGIVTQCQNDRSQHKNKDQAMKQMKAKLYELEMQKKNAEKQAMEDNKSDIGWGSQIRSYVLDDSRIKDLRTGVETRNTQAVLDGSLDQFIEASLKAGL,43.41354390000005,10
26,RF1,MRGSHHHHHHGSMKPSIVAKLEALHERHEEVQALLGDAQTIADQERFRALSREYAQLSDVSRCFTDWQQVQEDIETAQMMLDDPEMREMAQDELREAKEKSEQLEQQLQVLLLPKDPDDERNAFLEVRAGTGGDEAALFAGDLFRMYSRYAEARRWRVEIMSASEGEHGGYKEIIAKISGDGVYGRLKFESGGHRVQRVPATESQGRIHTSACTVAVMPELPDAELPDINPADLRIDTFRSSGAGGQHVNTTDSAIRITHLPTGIVVECQDERSQHKNKAKALSVLGARIHAAEMAKRQQAEASTRRNLLGSGDRSDRNRTYNFPQGRVTDHRINLTLYRLDEVMEGKLDMLIEPIIQEHQADQLAALSEQE,41.91532140000006,10
23,PheRS,MRGSHHHHHHGSACDDDDKSHLAELVASAKAAISQASDVAALDNVRVEYLGKKGHLTLQMTTLRELPPEERPAAGAVINEAKEQVQQALNARKAELESAALNARLAAETIDVSLPGRRIENGGLHPVTRTIDRIESFFGELGFTVATGPEIEDDYHNFDALNIPGHHPARADHDTFWFDTTRLLRTQTSGVQIRTMKAQQPPIRIIAPGRVYRNDYDQTHTPMFHQMEGLIVDTNISFTNLKGTLHDFLRNFFEEDLQIRFRPSYFPFTEPSAEVDVMGKNGKWLEVLGCGMVHPNVLRNVGIDPEVYSGFAFGMGMERLTMLRYGVTDLRSFFENDLRFLKQFK,38.86138480000003,10
33,TrpRS,MTKPIVFSGAQPSGELTIGNYMGALRQWVNMQDDYHCIYCIVDQHAITVRQDAQKLRKATLDTLALYLACGIDPEKSTIFVQSHVPEHAQLGWALNCYTYFGELSRMTQFKDKSARYAENINAGLFDYPVLMAADILLYQTNLVPVGEDQKQHLELSRDIAQRFNALYGEIFKVPEPFIPKSGARVMSLLEPTKKMSKSDDNRNNVIGLLEDPKSVVKKIKRAVTDSDEPPVVRYDVQNKAGVSNLLDILSAVTGQSIPELEKQFEGKMYGHLKGEVADAVSGMLTELQERYHRFRNDEAFLQQVMKDGAEKASAHASRTLKAVYEAIGFVAKRLEHHHHHH,38.561562200000076,10
21,MTF,MSESLRIIFAGTPDFAARHLDALLSSGHNVVGVFTQPDRPAGRGKKLMPSPVKVLAEEKGLPVFQPVSLRPQENQQLVAELQADVMVVVAYGLILPKAVLEMPRLGCINVHGSLLPRWRGAAPIQRSLWAGDAETGVTIMQMDVGLDTGDMLYKLSCPITAEDTSGTLYDKLAELGPQGLITTLKQLADGTAKPEVQDETLVTYAEKLSKEEARIDWSLSAAQLERCIRAFNPWPMSWLEIEGQPVKVWKASVIDTATNAAPGTILEANKQGIQVATGDGILNLLSLQPAGKKAMSAQDLLNSRREWFVPGNRLVLEHHHHHH,35.23317130000002,10
11,GlyRS,MQKFDTRTFQGLILTLQDYWARQGCTIVQPLDMEVGAGTSHPMTCLRELGPEPMAAAYVQPSRRPTDGRYGENPNRLQHYYQFQVVIKPSPDNIQELYLGSLKELGMDPTIHDIRFVEDNWENPTLGAWGLGWEVWLNGMEVTQFTYFQQVGGLECKPVTGEITYGLERLAMYIQGVDSVYDLVWSDGPLGKTTYGDVFHQNEVEQSTYNFEYADVDFLFTCFEQYEKEAQQLLALENPLPLPAYERILKAAHSFNLLDARKAISVTERQRYILRIRTLTKAVAEAYYASREALGFPMCNKDK,34.77397500000001,10
24,PPiase,MTYTTRQIGAKNTLEYKVYIEKDGKPVSAFHDIPLYADKENNIFNMVVEIPRWTNAKLEITKEETLNPIIQDTKKGKLRFVRNCFPHHGYIHNYGAFPQTWEDPNVSHPETKAVGDNDPIDVLEIGETIAYTGQVKQVKALGIMALLDEGETDWKVIAIDINDPLAPKLNDIEDVEKYFPGLLRATNEWFRIYKIPDGKPENQFAFSGEAKNKKYALDIIKETHDSWKQLIAGKSSDSKGIDLTNVTLPDTPTYSKAASDAIPPASPKADAPIDKSIDKWFFISGSVLEHHHHHH,33.36427230000006,10
7,EFTs,MAEITASLVKELRERTGAGMMDCKKALTEANGDIELAIENMRKSGAIKAAKKAGNVAADGVIKTKIDGNYGIILEVNCQTDFVAKDAGFQAFADKVLDAAVAGKITDVEVLKAQFEEERVALVAKIGENINIRRVAALEGDVLGSYQHGARIGVLVAAKGADEELVKHIAMHVAASKPEFIKPEDVSAEVVEKEYQVQLDIAMQSGKPKEIAEKMVEGRMKKFTGEVSLTGQPFVMEPSKTVGQLLKEHNAEVTGFIRFEVGEGIEKVETDFAAEVAAMSKQSRSHHHHHH,31.488731000000037,10
20,MK,MSTEKLKHHKIIFVVGGPGSGKGTQCEKIVHKYGYTHLSTGDLLRAEVSSGSERGKKLQAIMEKGELVPLDTVLDMLRDAMLAKADTSKGFLIDGYPREVKQGEEFEKKIAPPTLLLYVDAGKETMVKRLLKRGETSGRVDDNEETIKKRLETYYKATEPVIAFYKGRGIVRQLNAEGTVDEVFQQVCSYLDKLLEHHHHHH,22.747868400000012,10
15,IF3,MRGSHHHHHHGSIKGGKRVQTARPNRINGEIRAQEVRLTGLEGEQLGIVSLREALEKAEEAGVDLVEISPNAEPPVCRIMDYGKFLYEKSKSSKEQKKKQKVIQVKEIKFRPGTDEGDYQVKLRSLIRFLEEGDKAKITLRFRGREMAHQQIGMEVLNRVKDDLQELAVVESFPTKIEGRQMIMVLAPKKKQ,21.944122200000006,10
29,RRF,MISDIRKDAEVRMDKCVEAFKTQISKIRTGRASPSLLDGIVVEYYGTPTPLRQLASVTVEDSRTLKINVFDRSMSPAVEKAIMASDLGLNPNSAGSDIRVPLPPLTEERRKDLTKIVRGEAEQARVAVRNVRRDANDKVKALLKDKEISEDDDRRSQDDVQKLTDAAIKKIEAALADKEAELMQFGSRSHHHHHH,21.848561600000004,10
22,NDK,MRGSHHHHHHGSDDDDKAIERTFSIIKPNAVAKNVIGNIFARFEAAGFKIVGTKMLHLTVEQARGFYAEHDGKPFFDGLVEFMTSGPIVVSVLEGENAVQRHRDLLGATNPANALAGTLRADYADSLTENGTHGSDSVESAAREIAYFFGEGEVCPRTR,17.319056199999984,10
13,IF1,MRGSHHHHHHGSMAKEDNIEMQGTVLETLPNTMFRVELENGHVVTAHISGKMRKNYIRILTGDKVTVELTPYDLSKGRIVFRSR,9.647960599999992,3
